department,total_units,total_defects,total_downtime,avg_temp,machine_count,defect_rate
Pressing,108574,4223,125.7,77.495,1,3.89
Machining,250285,7562,230.2,76.715,2,3.02
Finishing,123674,3472,103.0,76.14277777777778,1,2.81
Molding,242743,6019,58.2,71.07333333333334,1,2.48
Assembly,185950,4446,88.3,74.75611111111111,1,2.39
